qidianId,qd_keywords,qd_numberOfChapters,qd_numberOfFreeChapters,qd_title,qd_description,qd_category,qd_author,qd_author_link,qd_novel_update_time,qd_novel_latest_chapter_name,qd_novel_latest_chapter_url,qd_genre,qd_numberOfWords,qd_totalRecommendations,qd_numberOfWeeksRecommended
1003692682,"超级神基因,超级神基因小说,超级神基因全集,超级神基因完本,超级神基因免费,超级神基因在线",3492,114,超级神基因,未来波澜壮阔的星际时代，人类终于攻克了空间传送技术，可是当人类传送到另一端的时候，却发现那里并不是过去未来，也不是星空下的任何一片土地……神秘的庇护所世界，无数强横的异生物，人类迎来了令人热血沸腾的飞跃性大进化，开启了星空下最辉煌璀璨的新纪元。“猎杀神血生物黑甲虫，获得神血黑甲虫兽魂，食用神血黑甲虫血肉，可随机获得0至10点神基因。”,高武世界,十二翼黑暗炽天使,https://my.qidian.com/author/2436688/,08/01/2024 12:22,新书《超基进化》已出，求追读。,//www.qidian.com/chapter/1003692682/778525217/,玄幻,731.48万,216.66万,17周
1010868264,"诡秘之主,诡秘之主小说,诡秘之主全集,诡秘之主完本,诡秘之主免费,诡秘之主在线",1418,130,诡秘之主,蒸汽与机械的浪潮中，谁能触及非凡？历史和黑暗的迷雾里，又是谁在耳语？我从诡秘中醒来，睁眼看见这个世界：枪械，大炮，巨舰，飞空艇，差分机；魔药，占卜，诅咒，倒吊人，封印物……光明依旧照耀，神秘从未远离，这是一段“愚者”的传说。,异世大陆,爱潜水的乌贼,https://my.qidian.com/author/4362088/,25/11/2022 16:27,12月1日《诡秘之主》新番外发布,//www.qidian.com/chapter/1010868264/736925757/,玄幻,446.52万,3396.67万,6827周
1009480992,"超神机械师,超神机械师小说,超神机械师全集,超神机械师完本,超神机械师免费,超神机械师在线",1486,106,超神机械师,韩萧，《星海》骨灰级代练，被来自东（zuo）方(zhe)的神秘力量扔进穿越大军，携带玩家面板变成NPC，回到《星海》公测之前，毅然选择难度最高的机械系。战舰列队纵横星海，星辰机甲夭矫如龙，幽能炮毁天灭地，还有无边无际的机械大军，静静待在随身仓库里一人，即是军团！如果不是玩家出现，本书就是正经严肃的穿越异界题材……作为NPC，正常NPC对玩家功能一应俱全……发布任务？好感度调节？传授技能？哎等等，这群玩家我怎么都认识得，现实世界也回到了十年前。二群：157302881三群：884339155V群：547599250（需1w粉丝值由管理审核）,游戏异界,齐佩甲,https://my.qidian.com/author/4185352/,24/10/2021 10:12,新书《星界使徒》发布！,//www.qidian.com/chapter/1009480992/680523480/,游戏,516.87万,910.11万,442周
3471716,"重生之最强剑神,重生之最强剑神小说,重生之最强剑神全集,重生之最强剑神完本,重生之最强剑神免费,重生之最强剑神在线",2925,132,重生之最强剑神,重头再来，为了掌控命运，再次进入了这款“活着的游戏”。这一次，他不会在受人所制。身为200级剑王，这一世他要攀向更高峰。游戏赚钱技巧！游戏副本攻略！游戏传奇任务！游戏装备出处！玩家所不知的战斗技巧！就连封测者都不知道秘密，统统都知道。百国大战，生命进阶，踏入神位，剑凌巅峰，开始一段至高剑神的传奇。PS：如果喜欢，请点击收藏一下。,虚拟网游,天运老猫,https://my.qidian.com/author/4470554/,10/02/2022 15:14,新书已开《从零开始的都市练级生活》,//www.qidian.com/chapter/3471716/698961758/,游戏,711.47万,152.16万,83周
1004179514,"天道图书馆,天道图书馆小说,天道图书馆全集,天道图书馆完本,天道图书馆免费,天道图书馆在线",2290,148,天道图书馆,【2017最火玄幻作品，海外点推双榜第一】张悬穿越异界，成了一名光荣的教师，脑海中多出了一个神秘的图书馆。只要他看过的东西，无论人还是物，都能自动形成书籍，记录下对方各种各样的缺点，于是，他牛大了！教学生、收徒弟，开堂授课，培育最强者，传授天下。“灼阳大帝，堂堂大帝能不能注意点形象？”“还有你，乾坤魔君，能不能少吃点大葱，想把我熏死吗？”这是一个师道传承，培养、指点世界最强者的牛逼拉风故事。已有完本《拳皇异界纵横》、《八神庵》、《无尽丹田》等书，质量保证，可入坑！,异世大陆,横扫天涯,https://my.qidian.com/author/4362968/,29/10/2019 08:27,番外三，孙强外传,//www.qidian.com/chapter/1004179514/501811911/,玄幻,629.89万,615.4万,168周
1032858150,"巫师世界的永生者,巫师世界的永生者小说,巫师世界的永生者全集,巫师世界的永生者完本,巫师世界的永生者免费,巫师世界的永生者在线",562,94,巫师世界的永生者,穿越来到巫师世界，伊莱发现自己竟然是一个永生者。寿元无限，生命不朽。“什么？天赋很差，那我就冥想十年百年千年，总能满足晋级要求。”“这个技能很难？哦，那看我研究个几十年，看看它是否真的那么难？”“消耗生命力，提升精神力，还有这种好事。”“敌人来了？哦，且看我找个地方躲个千年万年，待他寿命耗尽，精神力消散，然后我再出来，逍遥无尽虚空。”……这是一个永生者，苟在巫师世界，然后爆杀无尽世界的故事。,异世大陆,蓝白海洋,https://my.qidian.com/author/430544775/,11/02/2024 22:13,新书《人在骑士界，提前加载巫师系统》,//www.qidian.com/chapter/1032858150/782040924/,玄幻,140.8万,2.56万,0周
1016754466,"超神宠兽店,超神宠兽店小说,超神宠兽店全集,超神宠兽店完本,超神宠兽店免费,超神宠兽店在线",1438,92,超神宠兽店,【万订爆款，火爆爽文】有一刀斩杀黄金巨龙的低等骷髅种有身怀十大宠兽秘技的看门土狗更有自称为神的打工妹……这是一个得到系统开店，在破碎远古培育宠兽的故事。当荣光覆灭，血脉逆流，昔日的存在将再度回归，一切都是毁灭！,异世大陆,古羲,https://my.qidian.com/author/4362672/,19/03/2024 10:44,新书《从婴儿开始入道》已开张啦~,//www.qidian.com/chapter/1016754466/786314741/,玄幻,486.43万,68.23万,39周
1026562582,"顶级气运，悄悄修炼千年,顶级气运，悄悄修炼千年小说,顶级气运，悄悄修炼千年全集,顶级气运，悄悄修炼千年完本,顶级气运，悄悄修炼千年免费,顶级气运，悄悄修炼千年在线",1200,109,顶级气运，悄悄修炼千年,转世来到修仙世界，韩绝发现自己带着游戏属性，竟然可以摇骰子刷新灵根资质与先天气运。于是乎，他花了十一年摇先天气运。【绝世无双：仙姿，魅力顶级】【天命剑痴：剑道资质顶级，剑道悟性顶级】【身法绝尘：身法资质顶级】【仙帝后裔：获得一部绝世修仙功法、一千块上品灵石】韩绝为了长生，决定悄悄修炼，不出风头。千年后，修真界一代换一代。当仙界清理凡间时，韩绝不得不出手。他这才发现，好像仙神也不过如此！……读者群：668385276,神话修真,任我笑,https://my.qidian.com/author/8712340/,21/05/2024 10:42,新书《苟成圣人，仙官召我养马》求支持,//www.qidian.com/chapter/1026562582/793627637/,仙侠,245.43万,44.13万,156周
1003306811,"放开那个女巫,放开那个女巫小说,放开那个女巫全集,放开那个女巫完本,放开那个女巫免费,放开那个女巫在线",1516,100,放开那个女巫,程岩原以为穿越到了欧洲中世纪，成为了一位光荣的王子。但这世界似乎跟自己想的不太一样？女巫真实存在，而且还真具有魔力？女巫种田文，将种田进行到底。————新书《天道方程式》已经发布，请求投喂！,史诗奇幻,二目,https://my.qidian.com/author/6052114/,22/05/2023 18:05,新书《异度乐园》发啦！,//www.qidian.com/chapter/1003306811/754188778/,奇幻,336.81万,727.06万,193周
1887208,"全职高手,全职高手小说,全职高手全集,全职高手完本,全职高手免费,全职高手在线",1776,97,全职高手,网游荣耀中被誉为教科书级别的顶尖高手，因为种种原因遭到俱乐部的驱逐，离开职业圈的他寄身于一家网吧成了一个小小的网管，但是，拥有十年游戏经验的他，在荣耀新开的第十区重新投入了游戏，带着对往昔的回忆，和一把未完成的自制武器，开始了重返巅峰之路。===================================,虚拟网游,蝴蝶蓝,https://my.qidian.com/author/4362593/,25/11/2022 16:23,有关新番外。,//www.qidian.com/chapter/1887208/736922791/,游戏,535.14万,657.83万,1515周
1028554266,"我的基因无限进化,我的基因无限进化小说,我的基因无限进化全集,我的基因无限进化完本,我的基因无限进化免费,我的基因无限进化在线",399,96,我的基因无限进化,科技与超凡并存的世界，魔兽肆虐，万族征战，异化频起，危机四伏。好在人族在十六岁到十八岁期间有机会激活基因链，成为基因战士。基因战士进入神奇的起源之地冒险，寻找宝物，刻录超凡基因，获得神奇强大的力量，成为对抗危机的主要力量。陆缘穿越到这个世界，携带着能无限进化基因的奇异立方体。他蓦然惊醒。穿越，长得帅，有金手指，好家伙，要素齐了！难不成我就是那传说中的主角？！我，陆缘！是注定要成为人族顶梁柱的男人！已有400万字9600均订老书《随身带个狩猎空间》，书荒的朋友可以去看看,高武世界,青空洗雨,https://my.qidian.com/author/403126002/,17/06/2023 11:00,新书《我真的是灵契师啊》,//www.qidian.com/chapter/1028554266/757092712/,玄幻,152.28万,5.58万,4周
1012284323,"我有一座冒险屋,我有一座冒险屋小说,我有一座冒险屋全集,我有一座冒险屋完本,我有一座冒险屋免费,我有一座冒险屋在线",1241,101,我有一座冒险屋,【本作品简体实体书由次元书馆出版】陈歌继承了失踪父母留下的冒险屋，无奈生意萧条，直到整理冒险屋时意外发现的手机改变了这一切。只要完成手机每日布置的不同难度的任务，冒险屋就能得到修缮甚至扩建！于是陈歌开始在各大禁地里探险取材，将其中场景元素纳入到自己的冒险屋中。随着前来参观的游客们各种惊声尖叫，冒险屋一举成名！然而虽然任务带来的好处越来越多，但其中隐患也慢慢显现，甚至父母失踪的线索似乎也藏其中……书友一群819098233；二群724779368；三群946284995,侦探推理,我会修空调,https://my.qidian.com/author/402573440/,22/11/2020 21:03, 番外 你的声音,//www.qidian.com/chapter/1012284323/612080729/,悬疑,307.73万,692.21万,351周
1010766670,"我被系统托管了,我被系统托管了小说,我被系统托管了全集,我被系统托管了完本,我被系统托管了免费,我被系统托管了在线",1177,111,我被系统托管了,系统有了，身体却没了，重度拖延症晚期患者方宁开始了自我救赎（苟且偷生）之路。作品讨论群号：294035360VIP群号：我被系统托管了ⅤIP群，群聊号码：726249167有意见联系作者请加群,进化变异,木恒,https://my.qidian.com/author/3856875/,05/02/2020 20:57,开新书了,//www.qidian.com/chapter/1010766670/515197547/,科幻,321.88万,63.35万,11周
1009397018,"我修的可能是假仙,我修的可能是假仙小说,我修的可能是假仙全集,我修的可能是假仙完本,我修的可能是假仙免费,我修的可能是假仙在线",2461,160,我修的可能是假仙,（由本书改编的动漫《靠你啦！战神系统》，正在B站热播！）简介？不存在的，书都是假的，简介当然也是假的啊！哈哈哈哈哈哈，假的，都是假的，什么修仙，什么小说，统统都是假的！不要碰朕！朕不要吃药，朕没疯！总有书友想害朕！哈哈哈哈，你们这些人都想害朕，护驾！护驾！！！！VIP全订群的群号：229370094（新书《七位神》隆重发布，风格依旧，亲们可以去看看啦！）,搞笑吐槽,明月地上霜,https://my.qidian.com/author/10305057/,07/08/2023 12:55,新书《白日幻想仙》最终PK，求追读,//www.qidian.com/chapter/1009397018/762447595/,轻小说,529.45万,474.55万,18周
1023422452,"长夜余火,长夜余火小说,长夜余火全集,长夜余火完本,长夜余火免费,长夜余火在线",953,92,长夜余火,灰土上所有人都相信，埋葬在危险和饥荒中的某个遗迹深处，有通往新世界的道路，只要能找到一把独特的钥匙，打开那扇门，就能进入新世界。在那里，大地是丰饶的，就像流淌着奶与蜜，阳光是灿烂的，似乎能洗去寒冷和阴晦。人们不用再面对荒芜、怪物、感染、畸变和各种危险的事物。在那里，孩子是快乐的，成人是幸福的，一切都是美好的。灰土上每一个古物学者、遗迹猎人和历史研究员都知道，这里就是新世界。,异世大陆,爱潜水的乌贼,https://my.qidian.com/author/4362088/,19/05/2022 19:33,完本感言,//www.qidian.com/chapter/1023422452/713755538/,玄幻,281.25万,780.13万,175周
1004936518,"未来天王,未来天王小说,未来天王全集,未来天王完本,未来天王免费,未来天王在线",513,71,未来天王,末世时期战死的老军团长，重生为末世结束五百年后的新世纪小鲜肉（？）……“每当我脑子里响起BGM的时候，就觉得自己无所畏惧。”——方召。————————————————已创作三本小说，《星级猎人》、《回到过去变成猫》、《原始战记》。,未来世界,陈词懒调,https://my.qidian.com/author/2858549/,06/01/2021 10:36,新书已发,//www.qidian.com/chapter/1004936518/627731831/,科幻,168.47万,659.88万,94周
1013562540,"第一序列,第一序列小说,第一序列全集,第一序列完本,第一序列免费,第一序列在线",1281,107,第一序列,废土之上，人类文明得以苟延残喘。一座座壁垒拔地而起，秩序却不断崩坏。有人说，当灾难降临时，精神意志才是人类面对危险的第一序列武器。有人说，不要让时代的悲哀，成为你的悲哀。有人说，我要让我的悲哀，成为这个时代的悲哀。这次是一个新的故事。浩劫余生，终见光明。,都市异能,会说话的肘子,https://my.qidian.com/author/5175790/,25/05/2024 00:10,新书《青山》已发布,//www.qidian.com/chapter/1013562540/794310606/,都市,289.5万,747.51万,265周
1015057768,"我只想安静地打游戏,我只想安静地打游戏小说,我只想安静地打游戏全集,我只想安静地打游戏完本,我只想安静地打游戏免费,我只想安静地打游戏在线",1916,113,我只想安静地打游戏,一滴血一条命，别人打游戏爆肝，我打游戏爆血。次元风暴降临，地球四处出现了大量的异次元领域，仙、佛、恶魔、天使、精灵等各种异次元生物降临地球。（漫画更新中）而那些神秘的异次元领域，却都变成了手机游戏副本，别人拿命去冒险，我却拼命打游戏。已完本小说《超级神基因》730万（漫画更新中）《剑装》300万《神品道圣》160万。,高武世界,十二翼黑暗炽天使,https://my.qidian.com/author/2436688/,08/01/2024 12:20,新书《超基进化》已出，求追读。,//www.qidian.com/chapter/1015057768/778524991/,玄幻,400.63万,143.73万,148周
1017141,"盘龙,盘龙小说,盘龙全集,盘龙完本,盘龙免费,盘龙在线",857,98,盘龙,楼房大小的血睛鬃毛狮，力大无穷的紫睛金毛猿，毁天灭地的九头蛇皇，携带着毁灭雷电的恐怖雷龙……这里无奇不有，这是一个广博的魔幻世界。强者可以站在黑色巨龙的头顶遨游天际，恐怖的魔法可以焚烧江河，可以毁灭城池，可以夷平山岳……这本书，讲述了一个拥有‘盘龙戒指’的少年的梦幻旅程。,剑与魔法,我吃西红柿,https://my.qidian.com/author/4362096/,03/04/2024 10:38,《吞噬星空2起源大陆》，已经在起点正式上传！,//www.qidian.com/chapter/1017141/254993063/,奇幻,336.48万,783.05万,121周
1019664125,"大奉打更人,大奉打更人小说,大奉打更人全集,大奉打更人完本,大奉打更人免费,大奉打更人在线",952,98,大奉打更人,《大奉打更人》（第一卷）实体书已在天猫、当当、京东等全平台，以及各个实体书店发售。这个世界，有儒；有道；有佛；有妖；有术士。警校毕业的许七安幽幽醒来，发现自己身处牢狱之中，三日后流放边陲.....他起初的目的只是自保，顺便在这个没有人权的社会里当个富家翁悠闲度日。......多年后，许七安回首前尘，身后是早已逝去的敌人，以及累累白骨。滚滚长江东逝水，浪花淘尽英雄，是非成败转头空。青山依旧在，几度夕阳红。,幻想修仙,卖报小郎君,https://my.qidian.com/author/9639927/,05/01/2022 13:25,《大奉打更人之诸天万界》数字藏品预约开始啦！,//www.qidian.com/chapter/1019664125/692743161/,仙侠,380.1万,936.69万,889周
1014988608,"地下城玩家,地下城玩家小说,地下城玩家全集,地下城玩家完本,地下城玩家免费,地下城玩家在线",667,113,地下城玩家,夏洛克是一名新晋的地下城城主，立志成为伟大的魔王，直到他召唤出了一批会给自己起一些奇怪的名字，会拉帮结派，会互相之间进行交易买卖，甚至会发生斗殴打群架的哥布林，他们自称——玩家！,原生幻想,蓝白的天,https://my.qidian.com/author/403164694/,23/12/2022 03:14,漫画已出，快看漫画的《地下城：开局奴役蓝星玩家》,//www.qidian.com/chapter/1014988608/739511370/,轻小说,168.4万,90.98万,0周
3242304,"异常生物见闻录,异常生物见闻录小说,异常生物见闻录全集,异常生物见闻录完本,异常生物见闻录免费,异常生物见闻录在线",1779,107,异常生物见闻录,郝仁，人如其名，是个好人，理想是平平安安过一辈子，当个穷不死但也发不了财的小房东——起码在他家里住进去一堆神经病生物之前是这样。一栋偏僻陈旧的大屋，一堆不怎么正常的人外生物，还有一份来自“神明”的劳动合同，三要素加起来让郝仁成为这个世界上最忙碌的房东和最高能的保姆，最混乱、最奇怪、最不正常的房客房东的故事就此开始。“自打在劳动合同上摁手印那天起，我就知道自己是上贼船了……”,时空穿梭,远瞳,https://my.qidian.com/author/4362948/,10/04/2018 16:38,新书《黎明之剑》已经发布,//www.qidian.com/chapter/3242304/403533946/,科幻,525.02万,599.67万,324周
2597043,"惊悚乐园,惊悚乐园小说,惊悚乐园全集,惊悚乐园完本,惊悚乐园免费,惊悚乐园在线",1550,87,惊悚乐园,"这是超越维度的游戏。亦是追寻真理的竞逐。未知的封印，鬼神的赌局……数据的抗争，人类的救赎……在那个连接着现实的虚拟世界——意识决定我们，意识选择我们，意识决定了我们的意识。现在，丢掉你的恐惧。丢掉你的私心杂念、疑问和拒信……解放你的思想。欢迎来到，惊悚乐园。《惊悚乐园》实体书现已上架ㄟ(▔,▔)ㄏ",虚拟网游,三天两觉,https://my.qidian.com/author/1389462/,25/11/2022 16:03,番外预告,//www.qidian.com/chapter/2597043/736916861/,游戏,489.33万,408.85万,563周
3106580,"我欲封天,我欲封天小说,我欲封天全集,我欲封天完本,我欲封天免费,我欲封天在线",1679,145,我欲封天,我若要有天不可无我若要无天不许有！这是一个起始于第八山与第九山之间的故事一个“我命如妖欲封天”的世界！这是耳根继《仙逆》《求魔》后，创作的第三部长篇小说《我欲封天》,修真文明,耳根,https://my.qidian.com/author/4362120/,20/06/2022 19:00,新书《光阴之外》发布，兄弟姐妹可以一看啦,//www.qidian.com/chapter/3106580/718009199/,仙侠,496.83万,456.53万,82周
1010815544,"奶爸的异界餐厅,奶爸的异界餐厅小说,奶爸的异界餐厅全集,奶爸的异界餐厅完本,奶爸的异界餐厅免费,奶爸的异界餐厅在线",2576,120,奶爸的异界餐厅,诺兰大陆的混乱之城中，有着一家奇怪的餐厅。在这里，精灵要和矮人拼桌，兽人被严禁喧哗，巨龙只能围坐在餐厅前的小广场上，恶魔甚至需要自己带特制的凳子……但就是这么一家规矩奇葩的餐厅，门口却每天都排着长队。精灵们不顾仪态的撸串，巨龙们握着漏勺围坐在火锅前，恶魔们吃着可爱的团子……“这里的美食在大陆上找不到第二家！这个老板是个天才！”有客人这样评价，然后偷偷看了一眼门口：“还有，千万别想着抓走老板或者吃霸王餐，不然你会死的很惨。”“吃饭，给钱，不然通通打死。”一个小萝莉在门口踱着脚步，奶声奶气的说道，一旁五六米高的巨龙不禁打了个寒颤。本书宣传名为《奶爸的美食餐厅》书友4群：544657569,原生幻想,轻语江湖,https://my.qidian.com/author/4159506/,06/09/2021 08:14,完本感言,//www.qidian.com/chapter/1010815544/672696484/,轻小说,529.2万,162.99万,112周
3691373,"抱歉我拿的是女主剧本,抱歉我拿的是女主剧本小说,抱歉我拿的是女主剧本全集,抱歉我拿的是女主剧本完本,抱歉我拿的是女主剧本免费,抱歉我拿的是女主剧本在线",1276,30,抱歉我拿的是女主剧本,《会读心后，霍爷天天要我哄睡！》新书已发，欢迎收藏【原书名：试婚老公，要给力】新婚前夜，未婚夫和闺蜜偷情私奔。她两眼一黑，抓住民政局前的男人：“墨总，你新娘未到，我新郎落跑，不如……我们拼个婚？”婚前，她说：“我和你之间不会有什么！”婚后，他说：“你怎么知道？”,豪门世家,百香蜜,https://my.qidian.com/author/7916341/,11/01/2018 23:04,第1195章 大结局,//www.qidian.com/chapter/3691373/395508090/,现代言情,262.41万,2.27万,0周
3692857,"许你万丈光芒好,许你万丈光芒好小说,许你万丈光芒好全集,许你万丈光芒好完本,许你万丈光芒好免费,许你万丈光芒好在线",2170,83,许你万丈光芒好,“你救了我，我让我爹地以身相许！”宁夕意外救了只小包子，结果被附赠了一只大包子。婚后，陆霆骁宠妻如命千依百顺，虐起狗来连亲儿子都不放过。“老板，公司真给夫人拿去玩？难道夫人要卖公司您也不管？”“卖你家公司了？”“大少爷，不好了！夫人说要把屋顶掀了！”“还不去帮夫人扶梯子。”“粑粑，谢谢你给小宝买的大熊！”“那是买给你妈妈的。”“老公，这个剧本我特别喜欢，我可以接吗？”陆霆骁神色淡定：“可以。”当天晚上，宁夕连滚带爬跑出去。陆霆骁！可以你大爷！！！曾用名《隐婚100分：惹火娇妻嫁一送一》，出版名《君子报恩》。,豪门世家,囧囧有妖,https://my.qidian.com/author/7909386/,27/01/2022 16:15,【新书《月亮在怀里》】,//www.qidian.com/chapter/3692857/697475273/,现代言情,229.01万,13.02万,0周
1004073922,"异世界的美食家,异世界的美食家小说,异世界的美食家全集,异世界的美食家完本,异世界的美食家免费,异世界的美食家在线",1877,131,异世界的美食家,在武者举手可裂山川，甩腿可断长河的玄幻世界中，存在着这样一家小餐馆。小餐馆不大，但却是无数顶尖强者趋之若鹜之地。在那儿你可以品尝到用凤凰蛋和龙血米炒成的蛋炒饭。在那儿你可以喝到生命之泉配朱果酿制的烈酒。在那儿你可以吃到九阶至尊兽肉配上黑胡椒的烤肉。什么你想把厨师掳回家？不可能，因为餐馆门口趴着一只看门的十阶神兽，地狱犬。哦，那个厨师还有一个可以单手捏死九品至尊的铁疙瘩助手和一群被征服了胃的疯狂女人。本书讨论群一群：550248234（已满）欢迎大家加入二群：208206733,异世大陆,李鸿天,https://my.qidian.com/author/2312378/,27/05/2024 14:43,新书《为父只想静静看着你长生》发布，继续战一场,//www.qidian.com/chapter/1004073922/794497711/,玄幻,616.03万,114.03万,85周
1010706133,"韩先生情谋已久,韩先生情谋已久小说,韩先生情谋已久全集,韩先生情谋已久完本,韩先生情谋已久免费,韩先生情谋已久在线",3588,104,韩先生情谋已久,“收留我，让我做什么都行！”前世她被继妹和渣男陷害入狱，出狱后留给她的只剩亲生母亲的墓碑。看着渣男贱女和亲爹后妈一家团圆，她一把大火与渣男和继妹同归于尽。再醒来，重新回到被陷害的那天，她果断跳窗爬到隔壁，抱紧隔壁男人的大长腿。却没想到，大长腿的主人竟是上一世那让她遥不可及的绝色男神。这一次，她一定擦亮眼睛，让那些欠了她的，统统都还回来！“韩少，另一条大腿也能给我抱一抱吗？”“其实我整个都是你的要不要？”“……”“韩少，来人自称是夫人的妹妹。”“打出去。”“韩少，听说夫人这部剧的男二号是她前男友，夫人要毁约。”“撤资，不拍了。”,豪门世家,恍若晨曦,https://my.qidian.com/author/400164724/,27/08/2019 18:46,3588 全文完,//www.qidian.com/chapter/1010706133/489408923/,现代言情,409.81万,1.72万,66周
2992544,"末法王座,末法王座小说,末法王座全集,末法王座完本,末法王座免费,末法王座在线",1486,110,末法王座,孕育出巅峰魔法文明的世界即将走向毁灭，最后的幸存者回到千万年前，这个时侯，魔法文明才刚刚萌芽，无数的法师还在荆棘遍布的道路上艰难摸索着。他自末法时代而来，走向至高的王座。,异世大陆,庄毕凡,https://my.qidian.com/author/4362606/,26/01/2016 23:40,第一千四百六十九章,//www.qidian.com/chapter/2992544/92667451/,玄幻,509.35万,90.31万,0周
3594762,"绝世药神,绝世药神小说,绝世药神全集,绝世药神完本,绝世药神免费,绝世药神在线",3126,152,绝世药神,一代丹帝被奸人陷害从此，世上少了一个青云子，多了一个无敌纨绔重走丹药大道何以逆苍天，以我手中药！vip书友群478668611，进群需验证粉丝值，舵主以上可入,东方玄幻,风一色,https://my.qidian.com/author/4845692/,06/09/2019 17:01,完本感言+新书。,//www.qidian.com/chapter/3594762/491055826/,玄幻,643.11万,11.63万,0周
3446747,"太古神王,太古神王小说,太古神王全集,太古神王完本,太古神王免费,太古神王在线",2057,44,太古神王,【玄幻爽文】九天大陆，天穹之上有九条星河，亿万星辰，皆为武命星辰，武道之人，可沟通星辰，觉醒星魂，成武命修士。传说，九天大陆最为厉害的武修，每突破一个境界，便能开辟一扇星门，从而沟通一颗星辰，直至，让九重天上，都有自己的武命星辰，化身通天彻地的太古神王。亿万生灵、诸天万界，秦问天笑看苍天，他要做天空，最亮的那颗星辰。,东方玄幻,净无痕,https://my.qidian.com/author/4406509/,25/05/2018 18:55,神王番外：魔女传,//www.qidian.com/chapter/3446747/409658014/,玄幻,634.27万,118.77万,0周
1013048595,"随身带个狩猎空间,随身带个狩猎空间小说,随身带个狩猎空间全集,随身带个狩猎空间完本,随身带个狩猎空间免费,随身带个狩猎空间在线",1343,107,随身带个狩猎空间,陆泽穿越到了两千年后的星际时代。前身自带常年秀恩爱虐狗的父母和可爱的妹妹，虽然修炼天赋普普通通，但是生活圆满，可以说是梦幻开局了，陆泽表示很满意。结果刚一睡下，陆泽就来到了个奇怪的空间。在差点和一只一米高的超级大白兔打个一换一，艰难完成击杀之后，陆泽发现，事情好像不是那么简单。在空间中击杀猎物之后获得的小光团竟然能用来修炼？这不是要让我成为万年打野么？不过，纵横星空，无双于世，貌似可以期待一下？群号：721265719小伙伴可以进来玩~(〃'▽'〃),东方玄幻,青空洗雨,https://my.qidian.com/author/403126002/,17/06/2023 11:01,新书《我真的是灵契师啊》,//www.qidian.com/chapter/1013048595/757092737/,玄幻,416.09万,99.7万,43周
1639199,"吞噬星空,吞噬星空小说,吞噬星空全集,吞噬星空完本,吞噬星空免费,吞噬星空在线",1547,104,吞噬星空,继《九鼎记》《盘龙》《星辰变》《寸芒》《星峰传说》后，番茄的第六本书！——————简介：星空中。“这颗星球，通体土黄色，没有任何生命存在，直径21000公里，咦，竟然蕴含‘星泪金’矿脉，真是天助我也，将这颗星球吞噬掉后，我的实力应该能恢复到受伤前的80％。”脸色苍白的罗峰盘膝坐在一颗飞行的陨石上，遥看远处的一颗无生命存在的行星。——————番茄第六部小说《吞噬星空》，将为大家展现出一个浩瀚广阔、神秘莫测的未来世界。。,未来世界,我吃西红柿,https://my.qidian.com/author/4362096/,01/06/2024 21:44,《吞噬星空2起源大陆》正式上架vip，订阅首章可领取星辰塔专属挂件,//www.qidian.com/chapter/1639199/795171083/,科幻,478.46万,789.36万,596周
1010540647,"吾欲成凰,吾欲成凰小说,吾欲成凰全集,吾欲成凰完本,吾欲成凰免费,吾欲成凰在线",2772,124,吾欲成凰,原名《重生最强女帝》前世，她灵根被挖，一心正道，却被判为邪魔妖道！重回少年之时，她力挽狂澜，逆天改命，前世欺她辱她之人，都将百倍奉还！自修血脉，重铸极品灵根！斩尽无赖族人，荣归第一望门！世间规矩不能束她分毫，这一世，她要杀出自己的正道！他是众人敬仰的神帝，高冷孤傲，却天天跟在她身后。,穿越奇情,夜北,https://my.qidian.com/author/7848102/,15/10/2019 00:09,第01249 番外篇（4）,//www.qidian.com/chapter/1010540647/498434602/,古代言情,282.95万,10.46万,0周
1010463703,"系统的黑科技网吧,系统的黑科技网吧小说,系统的黑科技网吧全集,系统的黑科技网吧完本,系统的黑科技网吧免费,系统的黑科技网吧在线",960,131,系统的黑科技网吧,开在异界的网吧，上网看剧玩游戏某武帝内流满面地在网吧门前大喊：“得入暴雪门，无悔游戏生啊！”某仙子玩完《仙剑奇侠传》在网吧门前哭得稀里哗啦！什么你跟我说异界人没有情怀？方老板默默地掏出了他从《诛仙》中学到的神剑御雷真诀……不够？我这还有部《西游记》你看不看？方老板：请多一份关爱，让生活在水深火热中的异界人也能像我们一样点上一包辣条，泡上一桶泡面，坐在电脑前，安心看剧打游戏，这个世界因你而美好日常欢乐向开店文新书《肝出个最强玩家》,时空穿梭,逆水之叶,https://my.qidian.com/author/4373966/,22/11/2022 09:49,新书已出：《肝出个最强玩家》,//www.qidian.com/chapter/1010463703/736450913/,科幻,215.54万,90.64万,15周
3447263,"恰逢星光璀璨时,恰逢星光璀璨时小说,恰逢星光璀璨时全集,恰逢星光璀璨时完本,恰逢星光璀璨时免费,恰逢星光璀璨时在线",2153,40,恰逢星光璀璨时,哥的新书《霍先生结婚吧》正在连载中，敬请关注！一场精心设计的豪门盛宴，未婚夫单膝下跪跟她的妹妹求婚，她被剥夺继承权，成为席家联姻的筹码，打包送入虎口。她心寒似铁，一刀穿肩而过，葬送所有恩情，转身找上他——慕煜尘，低调凉薄，Z市的高冷贵族，盛世集团掌权者。她说，慕煜尘，我们结婚好吗？他从文件里抬头看了她一眼，蓦然起身。“你去哪里？”“走吧，迟点民政局就要下班了。”婚后——“夫人，履行义务吧！”事后——“慕煜尘，你这个假正经！奸商！”哥的读者交流群【北川云宫VIP群】群号：253264366,豪门世家,北川云上锦,https://my.qidian.com/author/7917069/,16/01/2017 16:54,2151章 偕老（七）（全文完）,//www.qidian.com/chapter/3447263/348998581/,现代言情,435.67万,2712,0周
3621897,"真武世界,真武世界小说,真武世界全集,真武世界完本,真武世界免费,真武世界在线",1724,108,真武世界,卷入了三十三天所有巅峰强者的一场浩劫，人皇与他的对手最终一战，打碎了深渊世界，曾经封镇深渊魔王的神器，一张神秘的紫色卡片，却消失在时空漩涡中，横穿无尽的时空。辽阔的蛮荒，武道文明还处于初始阶段，正在缓慢发展，很多蛮荒的绝世雄主，依旧在艰难的摸索着武道之路。一个名叫易云的少年，拿着这张不知哪里来的紫色卡片，踏上征程。这是一个瑰丽而又充满未知的真武世界，这是一个平凡少年成就绝世强者的传奇。************************作者蚕茧里的牛，已有完本作品《武极天下》，书荒可以看一看。,东方玄幻,蚕茧里的牛,https://my.qidian.com/author/4362465/,19/06/2023 12:58,蚕茧新书《我在妖魔世界开盲盒》,//www.qidian.com/chapter/3621897/757246933/,玄幻,430.58万,206.69万,15周
2248950,"最强弃少,最强弃少小说,最强弃少全集,最强弃少完本,最强弃少免费,最强弃少在线",2283,100,最强弃少,"叶默蓦然清醒过来的时候，才发现周围的一切似乎都变了，美女师父也不见了。他也发现了自己成了被世家抛弃的弃子，被别人退婚的苦逼,还是被女人站在讲台上拿着他情书羞辱的对象......但是这些都不重要，最重要的是他还记忆起了另外一件原本不属于他的可怕的事情。",现代修真,鹅是老五,https://my.qidian.com/author/2342811/,18/05/2024 11:11,新书《神话之后》发布,//www.qidian.com/chapter/2248950/793168924/,仙侠,702.08万,149.26万,91周
1011058239,"伏天氏,伏天氏小说,伏天氏全集,伏天氏完本,伏天氏免费,伏天氏在线",3061,59,伏天氏,东方神州，有人皇立道统，有圣贤宗门传道，有诸侯雄踞一方王国，诸强林立，神州动乱千万载，值此之时，一代天骄叶青帝及东凰大帝横空出世，东方神州一统！然，叶青帝忽然暴毙，世间雕像尽皆被毁，于世间除名，沦为禁忌；从此神州唯东凰大帝独尊！十五年后，东海青州城，一名为叶伏天的少年，开启了他的传奇之路…,东方玄幻,净无痕,https://my.qidian.com/author/4406509/,24/04/2022 17:50,番外（6）,//www.qidian.com/chapter/1011058239/710308457/,玄幻,844.89万,680.14万,32周
1003903188,"神级升级系统,神级升级系统小说,神级升级系统全集,神级升级系统完本,神级升级系统免费,神级升级系统在线",1480,30,神级升级系统,【2019最火爆爽文，万人追读】“只要我再升十级，就能再次开启基因锁，到时候我就能毁灭这个星球！”穿越未来，重生在一个学院垫底废柴的身体上，在这丧尸与巨兽共存的未来世界，林修意外获得升级系统，超越人体极限，吞噬星空！,未来世界,扫雷大师,https://my.qidian.com/author/6975287/,03/01/2020 00:11,全本免费新书 《 直播修仙：我震惊了全世界！ 》欢迎大家收藏！,//www.qidian.com/chapter/1003903188/511581729/,科幻,309.8万,9946,0周
1011449273,"学霸的黑科技系统,学霸的黑科技系统小说,学霸的黑科技系统全集,学霸的黑科技系统完本,学霸的黑科技系统免费,学霸的黑科技系统在线",1703,129,学霸的黑科技系统,“系统，积分能换钱吗？”“不能。”“淦，那我要你何用？”“我能让你成为学霸。”-从数学猜想到可控核聚变，从一张黑板到无垠的星空。这是一个关于学霸的故事。,超级科技,晨星LL,https://my.qidian.com/author/4166306/,23/07/2021 21:13,新书《这游戏也太真实了》上传！,//www.qidian.com/chapter/1011449273/663932250/,科幻,448.02万,658.82万,259周
1003483393,"网游之全球在线,网游之全球在线小说,网游之全球在线全集,网游之全球在线完本,网游之全球在线免费,网游之全球在线在线",1373,132,网游之全球在线,史上第一款集个人冒险+领地建设+位面战争于一体的跨时代网游《地球Online》，全球玩家在线，群雄争霸。且看重生后的主角如何建设领地，招募历史猛将名士，搅动风云，成就帝王霸业！（PS：回归最原汁原味的建设类争霸网游，期待您的加盟！）龙骧军统帅部（VIP群）：423055295,虚拟网游,笙箫剑客,https://my.qidian.com/author/6981908/,11/09/2023 15:25,新书《超神御灵师》发布,//www.qidian.com/chapter/1003483393/765975950/,游戏,390.23万,50.41万,7周
3690858,"鬼帝狂妻：纨绔大小姐,鬼帝狂妻：纨绔大小姐小说,鬼帝狂妻：纨绔大小姐全集,鬼帝狂妻：纨绔大小姐完本,鬼帝狂妻：纨绔大小姐免费,鬼帝狂妻：纨绔大小姐在线",2262,85,鬼帝狂妻：纨绔大小姐,正文已经完结，新文已开，欢迎来看。-----云落枫，华夏医学天才，意外身亡，魂附于龙啸大陆将军府废物大小姐。这废物不但文不成武不就，更是胸大无脑，骄横任性，有了太子这样完美的未婚夫还不够，居然当众强抢美男，导致太子一怒之下解除婚约。可废物受不了这个刺激，竟是上吊了结此生。再睁眼，她已非昔日废物大小姐。契约神典，怀揣灵药空间，妙手回春，医绝天下！上至皇孙贵族，下至商贾世家，无一不对她竞相巴结，就连之前退婚的太子殿下也找上门来想要重归于好？对此，某神秘男终于忍无可忍：“谁若再来骚扰我的女人，就让他们有来无回！”,异世大陆,萧七爷,https://my.qidian.com/author/7851643/,30/06/2017 16:35,第2217章 尾声：郎骑竹马来（二十六）,//www.qidian.com/chapter/3690858/376253526/,玄幻言情,234.23万,4588,0周
3434836,"暗夜游侠,暗夜游侠小说,暗夜游侠全集,暗夜游侠完本,暗夜游侠免费,暗夜游侠在线",824,115,暗夜游侠,新书《星河帝国》火热连载中！新读者欢迎移步试读！……传奇玩家马文穿越到大灾变的前夕。这是第四纪末，诸神联手摧毁了宇宙魔池，第四块命运石板开始在凡间酝酿。诸神、恶魔、传奇、魔鬼、巫妖、龙等传说生物纷纷现身。为了守护那些自己珍视的东西，马文不得不重新遁入阴影。这是动荡年代一个少年游侠成长为暗夜主宰的故事。,游戏异界,深蓝椰子汁,https://my.qidian.com/author/3763897/,30/06/2016 00:26,新书已肥！强力推荐！,//www.qidian.com/chapter/3434836/310847158/,游戏,205.83万,32.32万,0周
3045109,"超神建模师,超神建模师小说,超神建模师全集,超神建模师完本,超神建模师免费,超神建模师在线",1117,126,超神建模师,源能降临，凶兽纵横，超能力丛生。苏浩只是一名掌握了低级源能&quot;模型分析&quot;的普通高三学生，然而，当他在脑海中建立出人物模型，分析出对方能力之后，一股狂热的念头在脑海中回荡，如果他建立出整个世界的模型，会怎样？这是否意味着，他可以——掌！控！世！界！PS：新书《超神制卡师》发布，求各种支持~,进化变异,零下九十度,https://my.qidian.com/author/3673539/,05/05/2024 19:51,新书《这辈子不当人了》发布！,//www.qidian.com/chapter/3045109/791676394/,科幻,328.42万,26.73万,0周
2643379,"奥术神座,奥术神座小说,奥术神座全集,奥术神座完本,奥术神座免费,奥术神座在线",955,116,奥术神座,“知识就等于力量。”“所谓神，不过是强大一点的奥术师。”带着一大堆知识的夏风穿越而来了。,异世大陆,爱潜水的乌贼,https://my.qidian.com/author/4362088/,16/11/2020 14:14,新书已发,//www.qidian.com/chapter/2643379/607074598/,玄幻,317.51万,186.08万,247周
1011512936,"神宠进化,神宠进化小说,神宠进化全集,神宠进化完本,神宠进化免费,神宠进化在线",896,110,神宠进化,PS：本书别名——《宠物进化》新纪元来临，天地异变。地星本土动植物疯狂变异、返祖，异界物种沦落地星，最终新纪元人类诞生一种全新的职业御使。收服怪物，培养怪物，训练怪物，这就是御使。一个怀揣着梦想的少年懵懵憧憧的被一脚踢入这个黄金盛世。高鹏：就算是一条泥鳅，我也能将他进化成一只翱翔九天的真龙。-------------------------------------------致敬《宠魅》、《神奇宝贝》、《数码宝贝》，致敬我们每个人都有过的神宠梦。这是一本纯粹的宠物文。本书目前只有QQ读者交流群:724478458，有兴趣的朋友可以加入。,异世大陆,酒池醉,https://my.qidian.com/author/4337842/,02/08/2021 11:26,漫画上线了,//www.qidian.com/chapter/1011512936/665364897/,玄幻,181.65万,73.41万,8周
1015421270,"法爷永远是你大爷,法爷永远是你大爷小说,法爷永远是你大爷全集,法爷永远是你大爷完本,法爷永远是你大爷免费,法爷永远是你大爷在线",822,85,法爷永远是你大爷,新书《这个北宋有点怪》已经上传，打算写一个轻松点，搞笑点的魔改历史文。对此有兴趣的朋友可以去看看。即使对历史文没有兴趣的朋友，也可以看看。因为你看完之后，就可以指着老翔的新书笑着大骂：写得就是垃圾，就是不行，老子就只看了三遍而已！,游戏异界,翔炎,https://my.qidian.com/author/29652/,02/05/2021 02:28,结局感语,//www.qidian.com/chapter/1015421270/650070533/,游戏,235.78万,77.53万,0周
1005406434,"我的影子会挂机,我的影子会挂机小说,我的影子会挂机全集,我的影子会挂机完本,我的影子会挂机免费,我的影子会挂机在线",991,131,我的影子会挂机,机缘巧合，李云牧淘到了一台来自人类黑暗纪时代的超级主机，从此，他的苦逼人生改变了！资质？天赋？那都是什么东西？能吃吗？我没有资质、也没有天赋，不过我的影子却能够在现实挂机练级。经验值、内功值、战技熟练度……统统都能挂，睡觉也能涨熟练度，打个睏也能升几重弦功战技。“叮，你的影子击杀了一只蚂蚁，获得了一点经验和一点内功值。”“叮，你的影子成功击杀了蚂蚁，掉落了一个维度盒子。”我靠，杀虫子也能有经验值和掉落盒子，还有谁！,高武世界,云梦大领主,https://my.qidian.com/author/8475105/,03/06/2019 18:00,第八百六十二章 阴帝殒落,//www.qidian.com/chapter/1005406434/467808675/,玄幻,209.66万,32.32万,0周
1911245,"杀神,杀神小说,杀神全集,杀神完本,杀神免费,杀神在线",1641,98,杀神,在这个疯狂世界，神已无力回天，就让我踏着漫天诸神的累累尸骨来普渡这芸芸众生。,异世大陆,逆苍天,https://my.qidian.com/author/4362640/,24/03/2023 09:57,老逆新书《炼狱之劫》发布啦！,//www.qidian.com/chapter/1911245/747890717/,玄幻,506.42万,56.4万,0周
1003374314,"仙界归来,仙界归来小说,仙界归来全集,仙界归来完本,仙界归来免费,仙界归来在线",1464,105,仙界归来,仙界一代通天巨擘魂飞魄散，一缕魂魄回归到地球上原本的身体之中，唐修惊讶地发现仙界过去了一万年，地球上才过去了一年时间。,异术超能,静夜寄思,https://my.qidian.com/author/4362892/,31/10/2017 18:18,万界番外篇（四）雷霆万钧灭神殿，运筹帷幄统万界,//www.qidian.com/chapter/1003374314/389494540/,都市,439.88万,75.33万,3周
1192037,"异界全职业大师,异界全职业大师小说,异界全职业大师全集,异界全职业大师完本,异界全职业大师免费,异界全职业大师在线",1320,100,异界全职业大师,网络游戏中的仓库小号，却意外的进入了异界。他不但带来了无数极品材料，还精通几乎所有的生活技能，最可怕的是，这家伙同时还是一个空前绝后的魔法天才！,游戏异界,庄毕凡,https://my.qidian.com/author/4362606/,23/05/2013 23:42,第一千四百零八章 大结局,//www.qidian.com/chapter/1192037/45594129/,游戏,489.95万,109.98万,21周
3569244,"我在末世有套房,我在末世有套房小说,我在末世有套房全集,我在末世有套房完本,我在末世有套房免费,我在末世有套房在线",1629,88,我在末世有套房,核战之后的末世，到处都是一片狼藉。如果你一不小心活了下来，那么接下来你将不得不面对饥饿与疾病的恐惧，一到夜晚就会发狂的丧尸，还有那些因辐射而变得奇形怪状的异种...然而对江晨来说，这里却是天堂。遍地都是无所属的豪宅，遍地都是遗弃的豪车，还有那无人问津的黄金与黑科技...什么？你是战前XXX游戏公司的老总？专门负责策划3A级虚拟实境网游？好说好说，给我干活儿开发手游，日薪两块馒头够不够？爱疯6？超薄？看见没，我这未来人科技公司的手机比纸还薄你信不信？航母？战机？哦，那些玩意我也有，不过是飞太空的那种...且看拥有自由穿梭两个世界能力的江晨，如何打造一个横跨现世与末世的帝国...,诸天,晨星LL,https://my.qidian.com/author/4166306/,23/07/2021 21:16,新书《这游戏也太真实了》上传！,//www.qidian.com/chapter/3569244/663934804/,诸天无限,408.47万,91.79万,29周
1524659,"异世邪君,异世邪君小说,异世邪君全集,异世邪君完本,异世邪君免费,异世邪君在线",1290,109,异世邪君,世间毁誉，世人冷眼，与我何干？我自淡然一笑；以吾本性，快意恩仇，以吾本心，遨游世间，我命由我不由天！一代牛人穿越异界，看其如何踏上异世巅峰，成为一代邪君！……《异人君莫邪》2024开年最E新番！1月24日11:00在bilibili火热开播，每周三更新，首周两集，每周一集。开局重生，流落陌生异界，E人男主君莫邪无所畏惧，竟扮猪吃老虎震惊玄玄大陆！,异世大陆,风凌天下,https://my.qidian.com/author/4362475/,29/08/2023 16:07,新书《长夜君主》二十万字啦,//www.qidian.com/chapter/1524659/533085086/,玄幻,422.63万,152.05万,15周
1562523,"武装风暴,武装风暴小说,武装风暴全集,武装风暴完本,武装风暴免费,武装风暴在线",720,127,武装风暴,王动同学即将展开青春灿烂的大学生活，等到的却是赴诺顿星大开发的“卖身契”。诺顿星遭到扎戈族大规模袭击，防御力量瞬间化为乌有，等待王动的是五倍重力的恶劣环境，虫子肆虐，缺水断粮，孤立无援……神秘的空间水晶，刀锋战士的力量？二百五十六度极限刀锋诀？一个老实巴交的低级机器人，一个满嘴胡话的鬼魂，王动同学为活着而奋斗……骷髅和大家分享一个故事，里面有热血和激情！(新书冲榜，有票的兄弟姐妹们随手仍上几张吧，不胜感激！）,东方玄幻,骷髅精灵,https://my.qidian.com/author/4362443/,18/08/2022 16:12,8.20 新书《机武风暴》发布，喜欢热血机战的伙伴们欢迎加入！,//www.qidian.com/chapter/1562523/725775059/,玄幻,200.39万,120.4万,0周
1003489343,"法神降临,法神降临小说,法神降临全集,法神降临完本,法神降临免费,法神降临在线",749,165,法神降临,游戏第一法神的林克率领他的团队干掉了版本最终BOSS深渊领主诺萨玛斯，出现了一个游戏CG。CG非常简陋，无穷无尽的虚空，虚空中一个自称是光辉之主的黯淡光球。“林克，你愿意拯救黑暗笼罩的费罗曼大陆吗？”光辉之主问。这么高大上、伟光正的任务，现实里自然是不敢答应的，但游戏中难道还不能装一把比？“我愿意！”林克一本正经地回答。“那你就去吧。”于是林克就被坑到了悲惨的费罗曼大陆。,游戏异界,墨乡,https://my.qidian.com/author/3050501/,14/03/2017 11:49,第七百六十九章 无上真神，众神时代的先驱（大结局）,//www.qidian.com/chapter/1003489343/355252273/,游戏,241.4万,24.34万,0周
1012237441,"全球高武,全球高武小说,全球高武全集,全球高武完本,全球高武免费,全球高武在线",1479,83,全球高武,地窟入侵，武道崛起。小人物也有大情怀，为生存而战，为守护而战。且看小人物方平，一步步崛起，拯救（忽悠）全世界的故事！（一群群号555700424，二群群号931250725，全订验证群号625012087）,都市异能,老鹰吃小鸡,https://my.qidian.com/author/3228548/,19/07/2021 11:33,新书《星门》发布！,//www.qidian.com/chapter/1012237441/662497380/,都市,835.34万,1064.09万,289周
2136013,"网游之战御天下,网游之战御天下小说,网游之战御天下全集,网游之战御天下完本,网游之战御天下免费,网游之战御天下在线",839,30,网游之战御天下,张扬带着《神迹》179级防御战士的经验重生到了五年前！上一世，他是在开服之后的第三年才玩起的《神迹》，输在了起步上！这一世，他却拥有了游戏中所有隐藏任务、副本通关的经验，占尽了先机！一个获得战神传承的防御战士，率领着他的队友，一路横扫各等级副本，抢尽野外BOSS，并纵横在S级战队联赛上，成为了无可争议的王者！——谁说防御战士输出不行？看我战御天下！,虚拟网游,孤单地飞,https://my.qidian.com/author/4363009/,31/07/2012 19:01,第八百五十六章 大结局,//www.qidian.com/chapter/2136013/40513322/,游戏,279.19万,10.39万,0周
1016078337,"从今天开始捡属性,从今天开始捡属性小说,从今天开始捡属性全集,从今天开始捡属性完本,从今天开始捡属性免费,从今天开始捡属性在线",433,153,从今天开始捡属性,穿越到一个被巨龙、泰坦、兽人和精灵统治的世界，蒙雷表示未来一片昏暗！但是，当蒙雷发现自己可以拾取别人掉落的属性，来强化自身后，一切都变得不同了！“叮，融合成功，体质+10086！”“叮，融合成功，魔力+10086！”“叮，融合成功，获得禁咒金轮转生爆！”“叮，融合成功，获得地系法则碎片！”“叮！融合成功，获得弑神鼠血脉！”“……”PS：新书《我能融炼万物》已经上传，感兴趣的大大们可以看看！,剑与魔法,团圆小熊猫,https://my.qidian.com/author/406994386/,17/06/2020 08:01,新书启航，欢迎支持！,//www.qidian.com/chapter/1016078337/544290703/,奇幻,106.76万,7.95万,0周
3362920,"天域苍穹,天域苍穹小说,天域苍穹全集,天域苍穹完本,天域苍穹免费,天域苍穹在线",2087,201,天域苍穹,笑尽天下英雄，宇内我为君主！万水千山，以我为尊；八荒六合，唯我称雄！我欲舞风云，凌天下，踏天域，登苍穹！谁可争锋？！诸君可愿陪我，并肩凌天下，琼霄风云舞，征战这天域苍穹？！…………天域苍穹官方群一：376497379天域苍穹官方群二：374474820,异世大陆,风凌天下,https://my.qidian.com/author/4362475/,29/08/2023 16:06,新书《长夜君主》二十万字啦,//www.qidian.com/chapter/3362920/764632525/,玄幻,522.04万,159.09万,0周
1023586297,"我的御兽都是神话级,我的御兽都是神话级小说,我的御兽都是神话级全集,我的御兽都是神话级完本,我的御兽都是神话级免费,我的御兽都是神话级在线",517,88,我的御兽都是神话级,日更两万的御兽文【灵明石猴】+【九转玄母气】+【地煞变身果】+【七彩灵云】=灵明神猴王【灵明神猴王】+【镇海神铁】+……=齐天神猴王【齐天神猴王】+……=盘天神猿全民御兽时代，叶玄携超级神宠编辑器，表示一条土蛇他也能将之进化成翱翔九天的神龙。于是，他养的小猴子，成了神猿。他养的小鸟，变成了一只巨鲲鹏。,东方玄幻,大鱼又胖了,https://my.qidian.com/author/430170289/,30/09/2021 13:28,番外：小主降生！,//www.qidian.com/chapter/1023586297/676682010/,玄幻,147.85万,14.87万,0周
2673646,"黑铁之堡,黑铁之堡小说,黑铁之堡全集,黑铁之堡完本,黑铁之堡免费,黑铁之堡在线",2073,97,黑铁之堡,大灾变之后，世间的一切规则重写，黑铁时代来临，钢铁，蒸汽，武力成为人类赖以生存下去的最大依靠，一个叫张铁的普通少年，懵懵懂懂之中，被命运之神在屁股上狠狠踹了一脚，得到一颗能够不断生长出各种神奇果实的小树，少年惨叫一声，打着滚，一头扎进那片无限广袤大陆的洪流之中——波澜壮阔的人族与魔族的第三次百年圣战即将到来！神秘无垠的广阔大陆！利用水晶不断打开人体潜能的神奇修炼体系！神之族裔的热血传奇！东方玄门的重重秘密！地心世界的无尽宝藏！一切尽在《黑铁之堡》。注：本书的背景是老虎构架出来的玄幻蒸汽朋克风格，让我们一起在小说中去享受那个有着无限可能和无限创造的世界吧。,东方玄幻,醉虎,https://my.qidian.com/author/4362533/,18/04/2024 09:17,新书《机器纪元》正式发布！,//www.qidian.com/chapter/2673646/789706320/,玄幻,684.99万,268.01万,45周
3456256,"巫界术士,巫界术士小说,巫界术士全集,巫界术士完本,巫界术士免费,巫界术士在线",1209,98,巫界术士,雷林带着智脑穿越，成为一名贵族身份的巫师学徒，通过利用自身优势，学习成为巫师，获得术士的传承，走上血脉的道路，在神秘诡异的巫师世界进行一系列探险，最后获得永恒的故事。有关更新：每天保底两更，时间为6点和15点，加更一般放在晚上21点。细则：1、月票每满一百票，或者订阅上涨，加一更。2、收藏每上涨2000，加一更。3、打赏出现一名长老级，加一更，盟主三更。4、总推荐每增加2万，或者总点击增加20万，各加一更。备注：由于作者码字速度等原因，有些加更可能会比较延迟，但最晚应该也不会超过一周的时间，还请书友们谅解！,剑与魔法,文抄公,https://my.qidian.com/author/4186784/,16/09/2021 11:08,新书已发，神秘之劫,//www.qidian.com/chapter/3456256/674657474/,奇幻,364.74万,54.78万,10周
1004879785,"仙药供应商,仙药供应商小说,仙药供应商全集,仙药供应商完本,仙药供应商免费,仙药供应商在线",1016,108,仙药供应商,新书“兰若仙缘”已发，希望大家多多支持，谢谢。一个闭塞的乡村，半座山，几间房，有人不远千里而来，豪车挤满了山间的小路，因为这里有一个年轻人，一副药可医白骨，活死人！,都市生活,糖醋于,https://my.qidian.com/author/3519103/,17/03/2019 12:30,最后一章 本书完结,//www.qidian.com/chapter/1004879785/457081928/,都市,259.63万,61.61万,0周
1015183684,"我能追踪万物,我能追踪万物小说,我能追踪万物全集,我能追踪万物完本,我能追踪万物免费,我能追踪万物在线",916,82,我能追踪万物,穿越仙侠世界，陈沉得到最强追踪系统，从此能追踪万物。陈沉：“系统，我缺钱了。”“两米之外，床底下藏着你爹的私房钱，五米之外，地下半米有一枚生锈的铜钱。”“前方草丛里有掉落的碎银子。”陈沉：“系统，我缺点机缘。”“猪圈前那坨屎其实并不普通。”“今夜子时前往二十里外的黑锋崖跳崖。”“某处地方隐藏着仙人洞府，请宿主自行探索。”（新书：我天赋全加了力量）书友群号：749558172，欢迎来吹牛比！vip全订群：805958380,幻想修仙,武三毛,https://my.qidian.com/author/9438148/,11/07/2023 10:25,新书《不好意思，在下略胜一筹》,//www.qidian.com/chapter/1015183684/759628284/,仙侠,204.37万,12.39万,11周
1016583049,"猛兽博物馆,猛兽博物馆小说,猛兽博物馆全集,猛兽博物馆完本,猛兽博物馆免费,猛兽博物馆在线",797,163,猛兽博物馆,新书《百日成仙》已经发布，大家多多支持。-------------林尽没想到自己会穿越，更没想到会穿越到一个这么古怪的世界，这里，居然以猛兽为尊，幸好，他有猛兽博物馆。“大师，这就是一只半死的小乌龟啊……”“什么乌龟，这是拥有玄武血脉，将来会晋升到7阶的珍奇兽宠。”“那这只掉毛的土狗又是什么名堂？”“土狗？没眼光，这是吞天犬的分支后裔，还有一丝麒麟血脉，听我的，赶紧签了血契，保你将来飞黄腾达，无敌天下！”,修真文明,暗黑茄子,https://my.qidian.com/author/2216468/,01/12/2020 17:05,新书《登天门》已经上传,//www.qidian.com/chapter/1016583049/616918886/,仙侠,176.1万,10.2万,0周
2351015,"召唤圣剑,召唤圣剑小说,召唤圣剑全集,召唤圣剑完本,召唤圣剑免费,召唤圣剑在线",1451,88,召唤圣剑,这是一个混乱的年代，黑暗的阴影吞噬万物在烈火与死亡中挣扎，绝望与虚无笼罩大陆现实与幻想的界限变的模糊，当那一点星光闪耀在夜空中时能否改变这灭亡的命运，重新唤回那失落的的荣耀？罗德曾是网络游戏《龙魂大陆》中最强大的玩家公会星光的会长，而就在他率领众玩家打败游戏中从未被人击败过的最终BOSS虚空之龙后，他却意外的来到了一个和游戏几乎完全相同的世界。命运的轨迹从来不曾固定，一切都掌握在自己的手中。带着玩家专属职业召唤剑士穿越到这个世界，曾经被称为最强玩家的他，要如何面对这片大陆即将到来的混乱与毁灭，改变大陆的命运？【西贝猫出品完本保证】新书《幽暗主宰》（3434764）已上传，希望大家继续支持（\^V^/),游戏异界,西贝猫,https://my.qidian.com/author/4362251/,23/01/2015 16:34,后记   写在完本之后,//www.qidian.com/chapter/2351015/78942627/,游戏,593.44万,35.2万,1周
2502372,"莽荒纪,莽荒纪小说,莽荒纪全集,莽荒纪完本,莽荒纪免费,莽荒纪在线",1478,104,莽荒纪,纪宁死后来到阴曹地府，经判官审前生判来世，投胎到了部族纪氏。这里，有夸父逐日……有后羿射金乌……更有为了逍遥长生，历三灾九劫，纵死无悔的无数修仙者…………纪宁也成为了一名修仙者，开始了他的修仙之路……,修真文明,我吃西红柿,https://my.qidian.com/author/4362096/,03/04/2024 10:37,《吞噬星空2起源大陆》，已经在起点正式上传！,//www.qidian.com/chapter/2502372/788055586/,仙侠,418.15万,545.92万,79周
3513193,"雪鹰领主,雪鹰领主小说,雪鹰领主全集,雪鹰领主完本,雪鹰领主免费,雪鹰领主在线",1408,155,雪鹰领主,在夏族的安阳行省，有一个很小很不起眼的领地，叫——雪鹰领！故事，就从这里开始！**继《莽荒纪》《吞噬星空》《九鼎记》《盘龙》《星辰变》《寸芒》《星峰传说》后，番茄的第八本小说！,异世大陆,我吃西红柿,https://my.qidian.com/author/4362096/,03/04/2024 10:37,《吞噬星空2起源大陆》，已经在起点正式上传！,//www.qidian.com/chapter/3513193/788056249/,玄幻,360.28万,928.58万,89周
1004607930,"尸姐攻略,尸姐攻略小说,尸姐攻略全集,尸姐攻略完本,尸姐攻略免费,尸姐攻略在线",1457,77,尸姐攻略,新书求关注《我的2吨钢铁直女》，新老朋友走过路过不要错过呀～失去了末世后五年记忆的林乔，醒来时变成了一只新生的丧尸！而且这只丧尸生前还是一个生性歹毒、声名狼籍的女人！死之前，竟然还绑架别人家的女儿！完事后，女儿还没给人家还回去，就被干掉了！！！你要死，好歹先把人家闺女还回去啊！我去！还有！那谁……小姑娘她爸！打架能愉快的打吗？作为人类却来咬她这只丧尸是几个意思？她才是丧尸好吗！！！PS：本文有男主！入坑请慎重！书友Q群：499-069-113.,末世危机,一缕冥火,https://my.qidian.com/author/4962579/,31/05/2018 08:30,完结感言！,//www.qidian.com/chapter/1004607930/413560343/,科幻空间,304.23万,24.68万,0周
1019067622,"你们练武我种田,你们练武我种田小说,你们练武我种田全集,你们练武我种田完本,你们练武我种田免费,你们练武我种田在线",607,113,你们练武我种田,灵气复苏，武道盛行，超凡觉醒，江河表示半点也不慌，身怀农场系统，种田就能变强。修炼太慢怎么办？不慌，种点黄瓜吃。黄瓜功效：清热解毒（解百毒）、健脑安神（提升精神力）、强身健体（增加修为）。没有武学功法修炼怎么办？百度一下，抄录一份九阳神功，顺便在来点催肥饲料。“叮！”“恭喜宿主，成功种植出了强化版九阳神功。”【强化版九阳神功】“修炼至大成，可九阳齐出，焚山煮海。”江河：“等等，系统，这特么是豌豆嘛？不可食用，使用方法居然是大力投掷？？？”（新书《超能觉醒：无法觉醒我只能去修仙》已发，有兴趣的可以支持一下！）,东方玄幻,布里包子,https://my.qidian.com/author/431794264/,14/05/2024 08:37,新书《这真不是恐怖养成游戏》已发，跪求支持！,//www.qidian.com/chapter/1019067622/792663465/,玄幻,160.71万,21.55万,33周
3017651,"法师奥义,法师奥义小说,法师奥义全集,法师奥义完本,法师奥义免费,法师奥义在线",1089,145,法师奥义,只要能够构建一个稳定的法术模型，任何人都可以成为法师！这就是法师的终极奥义！穿越成为贵族之子，带着前世的超级量子计算机，法术模型信手拈来……,剑与魔法,月中阴,https://my.qidian.com/author/1922209/,18/03/2017 16:00,番外之西莉亚,//www.qidian.com/chapter/3017651/356303149/,奇幻,320.9万,24.68万,0周
1003307568,"不朽凡人,不朽凡人小说,不朽凡人全集,不朽凡人完本,不朽凡人免费,不朽凡人在线",1256,110,不朽凡人,在这里，拥有灵根才能修仙，所有凡根注定只是凡人。莫无忌，只有凡根，一介凡人！,幻想修仙,鹅是老五,https://my.qidian.com/author/2342811/,25/11/2022 22:00,不朽凡人前传,//www.qidian.com/chapter/1003307568/736970012/,仙侠,368.59万,899.56万,37周
1010191960,"大王饶命,大王饶命小说,大王饶命全集,大王饶命完本,大王饶命免费,大王饶命在线",1362,142,大王饶命,高中生吕树在一场车祸中改变人生，当灵气复苏时代来袭，他要做这时代的领跑者。物竞天择，胜者为王。……全订验证群号：696087569,都市生活,会说话的肘子,https://my.qidian.com/author/5175790/,25/05/2024 00:10,新书《青山》已发布,//www.qidian.com/chapter/1010191960/794310885/,都市,280.13万,1149.52万,285周
1003694333,"斗战狂潮,斗战狂潮小说,斗战狂潮全集,斗战狂潮完本,斗战狂潮免费,斗战狂潮在线",1247,125,斗战狂潮,双月当空，无限可能的英魂世界孤寂黑暗，神秘古怪的嬉命小丑百城联邦，三大帝国，异族横行，魂兽霸幽这是一个英雄辈出的年代，人类卧薪尝胆重掌地球主权，孕育着进军高纬度的野望！重点是……二年级的废柴学长王同学，如何使用轮盘，撬动整个世界！！！斗战一群：21222419（两千人战力群）斗战二群：12962047,修真文明,骷髅精灵,https://my.qidian.com/author/4362443/,18/08/2022 16:05,8.20 新书《机武风暴》发布，喜欢热血机战的伙伴们欢迎加入！,//www.qidian.com/chapter/1003694333/725774441/,仙侠,410.56万,3034.09万,0周
3123620,"疯巫妖的实验日志,疯巫妖的实验日志小说,疯巫妖的实验日志全集,疯巫妖的实验日志完本,疯巫妖的实验日志免费,疯巫妖的实验日志在线",860,84,疯巫妖的实验日志,这是个疯狂的巫妖，带着游戏系统，祸害整个世界的故事。“看下本日的日常……又是这坑爹的两选一，毁灭任意一座三万人以上的城镇，奖励10000点邪恶点数。抢三个小朋友的棒棒糖，奖励1点。若两个都没有完成，那么，扣2点。”“呸！当我是傻的呀，真毁了一个城镇，保证刷出一个全员史诗的中古圣骑士团来讨伐我，到时有的赚，没的花。我还是乖乖做我的棒棒糖大盗吧。”恶名昭彰的巫妖已经当够了，谁说巫妖就不能当好人了？我一定要战胜这该死的系统，做一个堂堂正正的大好人。,游戏异界,愤怒的松鼠,https://my.qidian.com/author/4373946/,03/04/2022 13:52,新书《我怎么还活着》已经十万+,//www.qidian.com/chapter/3123620/707396566/,游戏,318.25万,51.53万,25周
1015499829,"沧元图,沧元图小说,沧元图全集,沧元图完本,沧元图免费,沧元图在线",778,89,沧元图,沧元图动画，6月22日起每周四10:00，优酷动漫独家播出，VIP抢先看。番茄的第十本小说。————我叫孟川，今年十五岁，是东宁府“镜湖道院”的当代大师兄。,高武世界,我吃西红柿,https://my.qidian.com/author/4362096/,03/04/2024 10:35,《吞噬星空2起源大陆》，已经在起点正式上传！,//www.qidian.com/chapter/1015499829/788055580/,玄幻,191.82万,698.34万,321周
1010327039,"三寸人间,三寸人间小说,三寸人间全集,三寸人间完本,三寸人间免费,三寸人间在线",1489,127,三寸人间,举头三尺无神明，掌心三寸是人间。这是耳根继《仙逆》《求魔》《我欲封天》《一念永恒》后，创作的第五部长篇小说《三寸人间》。,修真文明,耳根,https://my.qidian.com/author/4362120/,20/06/2022 18:00,新书《光阴之外》发布，兄弟姐妹可以一看啦,//www.qidian.com/chapter/1010327039/718009074/,仙侠,380.24万,2768.72万,14周
1010327039,"三寸人间,三寸人间小说,三寸人间全集,三寸人间完本,三寸人间免费,三寸人间在线",1489,127,三寸人间,举头三尺无神明，掌心三寸是人间。这是耳根继《仙逆》《求魔》《我欲封天》《一念永恒》后，创作的第五部长篇小说《三寸人间》。,修真文明,耳根,https://my.qidian.com/author/4362120/,20/06/2022 18:00,新书《光阴之外》发布，兄弟姐妹可以一看啦,//www.qidian.com/chapter/1010327039/718009074/,仙侠,380.24万,2768.72万,14周
1022899262,"不会真有人觉得修仙难吧,不会真有人觉得修仙难吧小说,不会真有人觉得修仙难吧全集,不会真有人觉得修仙难吧完本,不会真有人觉得修仙难吧免费,不会真有人觉得修仙难吧在线",288,133,不会真有人觉得修仙难吧,仙武纪元，三月三。在掌门的不懈努力之下，青云道宗终于迎来了第八位弟子叶平。为了能让叶平留下，也为了能够得到叶平的尊重，宗门上下用尽各种手段哄骗。吹嘘自己是绝世剑道天才，绝世修行天才，绝世炼丹天才，绝世炼器天才，绝世占卜天才，绝世阵法天才，绝世鉴宝天才，绝世气运之子。而且为了维持天才形象，更是一通乱教。随便划一道剑痕就让叶平领悟绝世剑意。随便拿出个大锅就让叶平炼出极品丹药。随便拿出一枚铜钱就让叶平算出绝世天机。本只是希望叶平能够晚点发现真相，多在宗门待一待。可让所有人都没想到的是。这个新来的小师弟.......居然真学会了。----本书又名《修仙真的好难啊》，《平平无奇小师弟》，《如何能让小师弟相信我们都是理论派？》，《这不是有手就行》，《只要你们敢说我就敢做》，《原来这个世界上真的有天才》，《资质平平小师弟》,原生幻想,黑夜弥天,https://my.qidian.com/author/429503975/,24/03/2021 12:46,第二百八十七章：大师兄，我会了！落幕！【大结局】,//www.qidian.com/chapter/1022899262/642370844/,轻小说,102.7万,189.85万,0周
1004819231,"当废宅得到系统,当废宅得到系统小说,当废宅得到系统全集,当废宅得到系统完本,当废宅得到系统免费,当废宅得到系统在线",849,134,当废宅得到系统,三十岁宅男重生到一个被泡面噎死的废宅身上。前身作死的境界好高！呃，能重活一次，不计较。相伴重生的系统能提升自身属性！哦，相当棒，点赞。这系统居然还有逆天的存读档功能！嗯，贴上小心使用的标签。在这有着二次元元素的新世界，他只想要好好地活下去，迎向光辉灿烂的未来……不过首先，还是先减减肥吧。书群：上原公寓630038774，进群需要回答一个简单的问题,原生幻想,咸鱼上岸,https://my.qidian.com/author/9125539/,15/07/2019 00:07,第八百四十一章 请你再努力一下,//www.qidian.com/chapter/1004819231/476762628/,轻小说,186.23万,32.71万,0周
2070910,"求魔,求魔小说,求魔全集,求魔完本,求魔免费,求魔在线",1628,106,求魔,魔前一叩三千年，回首凡尘不做仙，只为她……掌缘生灭请看耳根作品《求魔》,幻想修仙,耳根,https://my.qidian.com/author/4362120/,20/06/2022 19:00,新书《光阴之外》发布，兄弟姐妹可以一看啦,//www.qidian.com/chapter/2070910/718009232/,仙侠,459.07万,334.27万,62周
1004608738,"圣墟,圣墟小说,圣墟全集,圣墟完本,圣墟免费,圣墟在线",1696,124,圣墟,在破败中崛起，在寂灭中复苏。沧海成尘，雷电枯竭，那一缕幽雾又一次临近大地，世间的枷锁被打开了，一个全新的世界就此揭开神秘的一角……,东方玄幻,辰东,https://my.qidian.com/author/4362453/,26/11/2022 20:42,番外预告【荒叶楚与病者】,//www.qidian.com/chapter/1004608738/737132803/,玄幻,613.22万,3192.92万,988周
3088498,"重生之神级败家子,重生之神级败家子小说,重生之神级败家子全集,重生之神级败家子完本,重生之神级败家子免费,重生之神级败家子在线",1376,131,重生之神级败家子,“我必须得败家啊，不败家不浪费我爸妈赚钱的才华了吗？”面对记者的采访，洪大力如是说。采访刚一结束，洪大力便拉出“大败家系统”界面，看着上面各种各样的好东西，摸着下巴喃喃自语：“再败家两千亿就能换这套最强人形机动兵器【真·古兰修】的核心技术‘对消灭引擎’的设计图纸了，看来还得再加把劲啊！”“我要挥霍！我要败家！”,异术超能,辰机唐红豆,https://my.qidian.com/author/3760200/,24/07/2016 10:58,开新书啦！《神级幸运星》已上传！,//www.qidian.com/chapter/3088498/314703345/,都市,393.43万,138.76万,3周
1010828991,"无敌真寂寞,无敌真寂寞小说,无敌真寂寞全集,无敌真寂寞完本,无敌真寂寞免费,无敌真寂寞在线",1181,104,无敌真寂寞,林凡来到异界，成为了一名光荣的普通弟子，原本身处在随时都能被人打成翔的处境中，可突然间，情况不对了。系统开启。叮：抽中永恒级BUFF：不死之身。这一刻，整个世界都不一样了。林凡：“你们能锤死我，算我输，不然我就把你们锤成肉饼。”反派：“这家伙根本杀不死，我不打了。”简介就这样吧，不会写简介，也不会取书名。反正这书，就是逗比，欢乐。,东方玄幻,新丰,https://my.qidian.com/author/4385285/,14/01/2024 18:11,开新书了,//www.qidian.com/chapter/1010828991/779370550/,玄幻,359.15万,62.75万,15周
2443169,"巫师世界,巫师世界小说,巫师世界全集,巫师世界完本,巫师世界免费,巫师世界在线",659,87,巫师世界,新书～绝境黑夜，诡异世界惟我独仙，感兴趣的可搜索阅读。穿越到异世界成为普通的小家族子弟，带着具有分析能力的生物芯片开始强大之旅.....,异世大陆,滚开,https://my.qidian.com/author/2660272/,21/09/2013 13:36,新书 神秘之旅,//www.qidian.com/chapter/2443169/48116637/,玄幻,206.62万,51.21万,17周
1013315278,"绝代名师,绝代名师小说,绝代名师全集,绝代名师完本,绝代名师免费,绝代名师在线",1347,87,绝代名师,市二中的金牌老师孙默落水后，来到了中州唐国，成了一个刚毕业的实习老师，竟然有了一个白富美的未婚妻，未婚妻竟然还是一所名校的校长，不过这名校衰败了，即将摘牌除名，进行废校处理……孙默的开局，就是要帮助未婚妻坐稳校长之位，让学校重回豪门之列。孙默得到绝代名师系统后，点废成金，把一个个废物变成了天才，在孙默的指导下，学渣们一年学霸，三年学帝，五年学神，很快可以变成王者级的大BOSS！竟敢说我这名师徒有虚名？剑豪、枪圣，刀魔，圣女，无双国士，一代魔帝，两大圣人，三大至尊，统统都是我教出来的，就问你怕不怕？我最喜欢把青铜杂鱼带成王者BOSS，孙默如是说！,异世大陆,相思洗红豆,https://my.qidian.com/author/1019381/,25/08/2022 11:31,新书发布，《我以神明为食》！,//www.qidian.com/chapter/1013315278/726522869/,玄幻,440.24万,111.97万,0周
3434900,"网游之大盗贼,网游之大盗贼小说,网游之大盗贼全集,网游之大盗贼完本,网游之大盗贼免费,网游之大盗贼在线",1992,118,网游之大盗贼,刀尖上跳舞，阴影中漫步。是独行的王者，是死亡的使徒，是盗贼的荣耀！重生玩网游，凡事抢先一步！我有逆天戒指，不仅是盗贼，更能学德鲁伊技能。漫步阴影中，我可偷袭收人头，变身海豹，我可下水开宝箱，无聊的时候还可以变成小豹子卖萌……————————————————————————————————我这一生都只忠于自己，我所做的一切选择，都是心甘情愿，自由意志的结果。我从来没有被任何人，任何事物所奴役、挟制，连神也办不到！我可以因崇拜、尊重而向他人低头，但绝不因屈从而低头！PS：谨以此书，纪念这些年一起走过的魔兽世界，纪念这些年一起翻阅的网游小说。,虚拟网游,泛舟填词,https://my.qidian.com/author/4371497/,26/12/2018 13:31,愿你出走半生，归来仍是少年,//www.qidian.com/chapter/3434900/438790263/,游戏,440.96万,111.21万,34周
1012362153,"神话基因,神话基因小说,神话基因全集,神话基因完本,神话基因免费,神话基因在线",531,119,神话基因,每一个神话，都是一条成神之路！人类踏入星河时代，古老的修行焕发出崭新的生命力。愿基因与你同在！一语道破修行的真谛。神话不是梦话，每个人体内都传承着古老的神话基因。后羿基因让你百里穿杨，一箭破苍穹……夸父基因让你奔跑如飞，逐日赶月……神龙基因让你腾云驾雾，遨游星空…………跨越万年，风林从21世纪的地球来到这波澜壮阔的时代，凭借对古地球神话的了解，走上一条独一无二的基因修行之路。猿猴基因+石胎基因=石猴基因石猴基因+……=灵明石猴基因灵明石猴基因+………=美猴王基因美猴王基因+……=孙悟空基因孙悟空基因+……=齐天大圣基因……PS：书友群：810546694，有意的朋友来聊聊小说里的那些事儿。,东方玄幻,鱼跃冲顶,https://my.qidian.com/author/402632010/,22/05/2020 06:46,完本感言,//www.qidian.com/chapter/1012362153/538933173/,玄幻,128万,19.04万,1周
2048120,"武动乾坤,武动乾坤小说,武动乾坤全集,武动乾坤完本,武动乾坤免费,武动乾坤在线",1328,93,武动乾坤,修炼一途，乃窃阴阳，夺造化，转涅盘，握生死，掌轮回。武之极，破苍穹，动乾坤！,东方玄幻,天蚕土豆,https://my.qidian.com/author/1019021/,03/07/2013 11:18,新书大主宰已发。,//www.qidian.com/chapter/2048120/46403166/,玄幻,393.4万,261.16万,118周
1017327786,"我有超体U盘,我有超体U盘小说,我有超体U盘全集,我有超体U盘完本,我有超体U盘免费,我有超体U盘在线",652,108,我有超体U盘,陈晨从一块黑不拉几的U盘中找到一个永生的方法。只要全人类的精神合为一体，就能量变引发质变，精神影响物质，从而改写物理常数，成就神祇！而成神的同时，全人类也从物质文明跃迁至量子文明，跨过时间长河，抵达永生彼岸。为了人类的未来，陈晨当仁不让，决定执行这个计划。可计划的前提是——首先得说服全人类钻进一个只能装大脑的营养盒中？？？……陈晨觉得问题不大。,超级科技,黑暗狗熊,https://my.qidian.com/author/429514511/,14/05/2024 12:12,狗熊新书进入生死攸关阶段，紧急求追读！！！,//www.qidian.com/chapter/1017327786/792639419/,科幻,204.36万,31万,27周
1019593678,"我真的不是气运之子,我真的不是气运之子小说,我真的不是气运之子全集,我真的不是气运之子完本,我真的不是气运之子免费,我真的不是气运之子在线",516,102,我真的不是气运之子,清月仙子：我曾与师兄西行三千里，在昆仑秘境得日月金轮！玲珑帝姬：我曾陪师兄深入北海帝葬谷，一起接受丹帝传承！不死凰后：呵呵，一群雏儿！知道他的龙凰不灭体怎么来的吗？……穿越修仙界，沈天发现自己可以看到身边其他人的气运和机缘。抱着蹭大佬主角光环的想法，沈天开始主动结交那些气运之子。……后来大家渐渐发现：无论是谁，只要跟沈天一起历练，就必然会遇到大机缘，从无例外！从那天起，沈天成了修仙界最受欢迎的吉祥物。PS：本书又名《非酋的进化论》《韭菜的100种收割方式》《好师兄，带带我》《师兄机缘，怎可分我这么多！》粉丝群号：534175450，无条件加入。vip粉丝群：287592904，要求：粉丝值500以上。PS:新书《仙帝的自我修养》已经上传！,原生幻想,云中殿,https://my.qidian.com/author/407092729/,19/03/2021 12:00,番外篇——兰妃日记（免费版，4000字）,//www.qidian.com/chapter/1019593678/641585994/,轻小说,171.49万,122.08万,0周
1975936,"网游之射破苍穹,网游之射破苍穹小说,网游之射破苍穹全集,网游之射破苍穹完本,网游之射破苍穹免费,网游之射破苍穹在线",980,39,网游之射破苍穹,“前世错过，这一世，我绝不!”重生归来，一把神弓，一只神宠，誓要补完前世所有遗憾!,虚拟网游,龙大人,https://my.qidian.com/author/4362744/,06/09/2012 11:37,完本感言,//www.qidian.com/chapter/1975936/41150569/,游戏,286.89万,16.65万,0周
1023547662,"玄幻模拟器,玄幻模拟器小说,玄幻模拟器全集,玄幻模拟器完本,玄幻模拟器免费,玄幻模拟器在线",866,71,玄幻模拟器,见狂澜之树，挽大厦之将倾.......灵气复苏，万界争霸.....武道修仙异能，谁可纵横？一切，从一个小小的模拟器开始。巫师世界，仙侠世界，猎魔世界，诸神世界........,武侠幻想,咸鱼洁南,https://my.qidian.com/author/9331397/,07/08/2023 10:03,新书《奇幻诸天之旅》,//www.qidian.com/chapter/1023547662/762418783/,武侠,322.47万,14.43万,3周
1003667321,"美食供应商,美食供应商小说,美食供应商全集,美食供应商完本,美食供应商免费,美食供应商在线",2795,109,美食供应商,“在遥远的东方，存在着一个数次拒绝了米其林三星评价的奇怪小店。那里价格昂贵，一碗配汤蛋炒饭288RMB，哦忘了还有一碟泡菜，但就算是这样也有很多人排队等候。那里不接受预定，只接受本人现场排队，无数人开着专机专程排队，当然并不提供停机位或停车位。那里服务恶劣，竟然让顾客自己端菜收拾碗筷，对了还要擦桌子，哦！上帝这老板简直疯了。”——《米其林美食杂志》-----------------美食普通群，大家都可以进来聊天526149614龙虎斗总群，全订就可以进群啦577415455菜猫不定时出没~,都市生活,会做菜的猫,https://my.qidian.com/author/7746844/,30/10/2021 19:32,新书发布《重生后的我竟能听到系统对话》,//www.qidian.com/chapter/1003667321/681518563/,都市,604.85万,819.76万,519周
1006629321,"彪悍的人生,彪悍的人生小说,彪悍的人生全集,彪悍的人生完本,彪悍的人生免费,彪悍的人生在线",1245,124,彪悍的人生,我叫林凡，有个百科全书，什么都会一点点。第一届国际装逼舞台上，参赛选手全部落败。众人：大哥，你装逼为何如此厉害。林凡：我从来不装逼……。彪悍的人生正版群：590638852PS：老书《最强的系统》正在连载，已有完本老书《我是神豪我怕谁》1-2两部。更新有保障，稳稳的。,都市生活,新丰,https://my.qidian.com/author/4385285/,14/01/2024 18:13,开新书了,//www.qidian.com/chapter/1006629321/779370651/,都市,274.64万,49.68万,0周
1013009467,"我的一天有48小时,我的一天有48小时小说,我的一天有48小时全集,我的一天有48小时完本,我的一天有48小时免费,我的一天有48小时在线",48,136,我的一天有48小时,东京漂移【任务目标：获得地下改装车赛事冠军】荒岛求生【任务目标：生存40天】阿波罗计划训练营【任务目标：试着换个角度看看地球吧】…………一个月前张恒发现自己一天的时间多出了24个小时，与此同时他也被卷入到一场危险的游戏中。群号：194329315ps：新书《仙丹给你毒药归我》连载ing……,时空穿梭,小呆昭,https://my.qidian.com/author/4251932/,15/01/2024 18:59,新书《宇宙无限食堂》发布！,//www.qidian.com/chapter/1013009467/779476152/,科幻,303.42万,132.91万,136周
1012908315,"捡到一个星球,捡到一个星球小说,捡到一个星球全集,捡到一个星球完本,捡到一个星球免费,捡到一个星球在线",505,122,捡到一个星球,神秘的传送门后，连通着一个文明毁灭后的世界，陈今来到了这个陌生的地方于是——捡到金属残片一块捡到垃圾机器人一台捡到战场一个捡到城市一座捡到黄金一吨多捡到高科技资料一份捡到……捡到……总而言之，陈今捡到了一个星球,无限,明渐,https://my.qidian.com/author/3959469/,04/03/2021 10:47,新书《打工人异界崛起》已经发布,//www.qidian.com/chapter/1012908315/638594932/,诸天无限,125.51万,31.71万,3周
1009942824,"逍遥梦路,逍遥梦路小说,逍遥梦路全集,逍遥梦路完本,逍遥梦路免费,逍遥梦路在线",1191,114,逍遥梦路,深山宅男，一路种种田，养养鱼，做做梦，顺带悠闲成长的故事。咦？最后一不小心征服诸天万界，成为了大BOSS？莫非我还没睡醒？,游戏异界,文抄公,https://my.qidian.com/author/4186784/,24/02/2020 14:08,新书已发，轮回大劫主，求支持,//www.qidian.com/chapter/1009942824/519891901/,游戏,359.86万,143.08万,14周
1022939709,"我在心间种神树,我在心间种神树小说,我在心间种神树全集,我在心间种神树完本,我在心间种神树免费,我在心间种神树在线",293,111,我在心间种神树,同样是穿越，别人加点，我种树？种树有什么用，我不想成为园丁啊！等等，这个世界好像有令人顿悟的菩提树，有沟通生死的大槐树，有引诱死亡的曼陀罗花，有支撑北欧神话的九界树，有从人到神的卡巴拉生命之树&amp;hellip;&amp;hellip;树即是我，我即是树，种树，也还不错啊。,东方玄幻,薪火之王,https://my.qidian.com/author/10963221/,02/01/2021 17:01,第二百八十九章 一剑西来，天外飞仙,//www.qidian.com/chapter/1022939709/627157750/,玄幻,81.23万,10.31万,0周
1003354631,"一念永恒,一念永恒小说,一念永恒全集,一念永恒完本,一念永恒免费,一念永恒在线",1325,137,一念永恒,一念成沧海，一念化桑田。一念斩千魔，一念诛万仙。唯我念……永恒这是耳根继《仙逆》《求魔》《我欲封天》后，创作的第四部长篇小说《一念永恒》,幻想修仙,耳根,https://my.qidian.com/author/4362120/,25/11/2022 15:55,一念永恒番外,//www.qidian.com/chapter/1003354631/736920421/,仙侠,369.06万,1730.23万,87周
3681560,"斗罗大陆III龙王传说,斗罗大陆III龙王传说小说,斗罗大陆III龙王传说全集,斗罗大陆III龙王传说完本,斗罗大陆III龙王传说免费,斗罗大陆III龙王传说在线",1983,107,斗罗大陆III龙王传说,伴随着魂导科技的进步，斗罗大陆上的人类征服了海洋，又发现了两片大陆。魂兽也随着人类魂师的猎杀无度走向灭亡，沉睡无数年的魂兽之王在星斗大森林最后的净土苏醒，它要带领仅存的族人，向人类复仇！唐舞麟立志要成为一名强大的魂师，可当武魂觉醒时，苏醒的，却是……旷世之才，龙王之争，我们的龙王传说，将由此开始。,异世大陆,唐家三少,https://my.qidian.com/author/4921/,24/08/2018 07:00,第一千九百八十一章 永冻冰封！（大结局附后记）,//www.qidian.com/chapter/3681560/424186552/,玄幻,495.1万,950.46万,202周
1003529357,"燃钢之魂,燃钢之魂小说,燃钢之魂全集,燃钢之魂完本,燃钢之魂免费,燃钢之魂在线",1090,114,燃钢之魂,"新书《高天之上》已发布，大家可以去看看。========这是前传奇战士携带系统穿越游戏异界，吊打各路野怪，单手怼Boss，平A救世界的故事。“先砍死敌人，再去思考为什么会打起来。”====订阅书群：817993941=====源于火,生于钢,魂为柴,身为薪,智慧不灭,秩序永存,传承往复,直至如今。摧锋于正锐，挽澜于极危，以心中之火燃尽诸界,此乃燃钢之魂。",游戏异界,阴天神隐,https://my.qidian.com/author/4845864/,01/08/2022 12:20,燃钢之魂的漫画在腾讯动漫上线啦！,//www.qidian.com/chapter/1003529357/723381020/,游戏,467.68万,72.56万,32周
1039430,"网游之近战法师,网游之近战法师小说,网游之近战法师全集,网游之近战法师完本,网游之近战法师免费,网游之近战法师在线",987,89,网游之近战法师,"一个超级武者,在玩网游时误选了法师,习惯以暴制暴,以力降力的他,只能将错就错,摇身一变,成为一个近战暴力法师,当力量与法术完美结合时,一条新的游戏之路,被他打开了!火球术？闪电链？寒霜冰镜……等等，我是来练功夫的，法术关我什么事？我是法师？哦，对，我是法师。不过……你真的坚信我是法师？好吧，看刀！看剑！看拳！看暗器！什么？你又说我不是法师？如果你不相信，我证明给你看；如果你相信，我表演给你看:法师会功夫，谁也挡不住！＝＝＝＝＝＝＝＝＝＝＝＝＝＝＝＝＝＝＝＝＝＝＝＝＝＝",虚拟网游,蝴蝶蓝,https://my.qidian.com/author/4362593/,28/02/2011 17:02,总结（免费）,//www.qidian.com/chapter/1039430/31538268/,游戏,380.9万,115.03万,50周
1321320,"九鼎记,九鼎记小说,九鼎记全集,九鼎记完本,九鼎记免费,九鼎记在线",642,82,九鼎记,自禹皇五斧劈山，统一天下，划分九州，立九鼎后，这片大地便被称为九州。禹皇离世后，天下便纷争不断。千年后，一代天骄秦岭天帝横空出世，曾一掌令百丈宽的雁江江水断流，凭绝世武力，最终得以一统天下，可当秦岭天帝离世后，天下同样大乱，数千年来，没有再度统一过。而现代世界的一代形意宗师‘滕青山’却来到了这样的世界……,武侠幻想,我吃西红柿,https://my.qidian.com/author/4362096/,03/10/2019 18:06,番茄新书《沧元图》已经二十多万字，可以看啦！,//www.qidian.com/chapter/1321320/496594626/,武侠,204.46万,382.23万,59周
2750457,"大主宰,大主宰小说,大主宰全集,大主宰完本,大主宰免费,大主宰在线",1677,72,大主宰,大千世界，位面交汇，万族林立，群雄荟萃，一位位来自下位面的天之至尊，在这无尽世界，演绎着令人向往的传奇，追求着那主宰之路。无尽火域，炎帝执掌，万火焚苍穹。武境之内，武祖之威，震慑乾坤。西天之殿，百战之皇，战威无可敌。北荒之丘，万墓之地，不死之主镇天地。......少年自北灵境而出，骑九幽冥雀，闯向了那精彩绝伦的纷纭世界，主宰之路，谁主沉浮？大千世界，万道争锋，吾为大主宰。,异世大陆,天蚕土豆,https://my.qidian.com/author/1019021/,08/07/2017 20:49,第一千五百五十一章 邪神陨落（大结局）,//www.qidian.com/chapter/2750457/377224422/,玄幻,498.75万,820.91万,63周
1010468795,"飞剑问道,飞剑问道小说,飞剑问道全集,飞剑问道完本,飞剑问道免费,飞剑问道在线",749,88,飞剑问道,番茄继《吞噬星空》《莽荒纪》《雪鹰领主》后的第九本小说。————在这个世界，有狐仙、河神、水怪、大妖，也有求长生的修行者。修行者们，开法眼，可看妖魔鬼怪。炼一口飞剑，可千里杀敌。千里眼、顺风耳，更可探查四方。……秦府二公子‘秦云’，便是一位修行者……,古典仙侠,我吃西红柿,https://my.qidian.com/author/4362096/,21/08/2019 10:31,番茄的新书《沧元图》已经正式上传！新书需要大家的支持~~~,//www.qidian.com/chapter/1010468795/487071696/,仙侠,200.68万,1793.8万,42周
1005038448,"捡宝王,捡宝王小说,捡宝王全集,捡宝王完本,捡宝王免费,捡宝王在线",1667,136,捡宝王,PS：开了新书，《道长，时代变了》，请大家移步去看看。****爱黄金，爱白银，更爱星光璀璨的宝石。枪械，珠宝，还有贵金属，收藏家的世界怎么能少了古董？仓库拍卖，旧货交易，房产收售，还有淘金挖矿，其实要想赚钱那么寻找传说中的宝藏才是王道。麾下坐镇虎猫、苍狼和安第斯神鹰，身边还有忠心猎犬、暴躁巨猿和非洲愣子平头哥，谁说捡宝鉴宝只能靠人？！,都市生活,全金属弹壳,https://my.qidian.com/author/4365729/,23/12/2021 13:25,新书已开，书名《我在1982有个家》,//www.qidian.com/chapter/1005038448/689931317/,都市,344.4万,133.95万,3周
